{
  "method": "centroid_join_nc2048_kdb1024",
  "base_method": "centroid_join",
  "pair_count": 211443,
  "time_s": 5.676008278998779,
  "n_tiles": 1,
  "total_pairs_compared": 1024000000,
  "self_join": true,
  "N": 1000000,
  "M": 1000000,
  "D": 128,
  "params": {
    "threshold": 1024.0,
    "batch_sizes": {
      "brute_force": 25000,
      "cuvs_ivf_flat": 1000000,
      "cuvs_cagra": 1000000,
      "cuvs_brute_force": 100000,
      "centroid_join": 1000000,
      "centroid_batch": 25000,
      "centroid_centroid": 1000000,
      "centroid_join_nc128_kdb1024": 1000000,
      "centroid_join_nc128_kdb2048": 1000000,
      "centroid_join_nc128_kdb4096": 1000000,
      "centroid_join_nc128_kdb8192": 1000000,
      "centroid_join_nc128_kdb16384": 1000000,
      "centroid_join_nc128_kdb32768": 1000000,
      "centroid_join_nc256_kdb1024": 1000000,
      "centroid_join_nc256_kdb2048": 1000000,
      "centroid_join_nc256_kdb4096": 1000000,
      "centroid_join_nc256_kdb8192": 1000000,
      "centroid_join_nc256_kdb16384": 1000000,
      "centroid_join_nc256_kdb32768": 1000000,
      "centroid_join_nc512_kdb1024": 1000000,
      "centroid_join_nc512_kdb2048": 1000000,
      "centroid_join_nc512_kdb4096": 1000000,
      "centroid_join_nc512_kdb8192": 1000000,
      "centroid_join_nc512_kdb16384": 1000000,
      "centroid_join_nc512_kdb32768": 1000000,
      "centroid_join_nc1024_kdb1024": 1000000,
      "centroid_join_nc1024_kdb2048": 1000000,
      "centroid_join_nc1024_kdb4096": 1000000,
      "centroid_join_nc1024_kdb8192": 1000000,
      "centroid_join_nc1024_kdb16384": 1000000,
      "centroid_join_nc1024_kdb32768": 1000000,
      "centroid_join_nc2048_kdb1024": 1000000
    },
    "brute_force": {},
    "cuvs_cagra": {
      "k": 64,
      "itopk_size": 64
    },
    "cuvs_ivf_flat": {
      "k": 64,
      "n_lists": 1024,
      "n_probes": 20
    },
    "cuvs_brute_force": {
      "k": 32
    },
    "centroid_join": {
      "sample_fraction": 0.2,
      "n_clusters": 2048,
      "k_db_candidates": 1024,
      "use_ivf": false
    },
    "simple_batch": {},
    "centroid_batch": {
      "sample_fraction": 0.2,
      "centroid_threshold": 75000.0
    }
  },
  "build_time_s": 3.8190674781799316
}