{
  "method": "cuvs_ivf_flat",
  "pair_count": 16694,
  "time_s": 980.4968620640002,
  "threshold": 512.0,
  "batch_size": 1000000,
  "n_tiles": 55,
  "total_pairs_compared": 1760000000,
  "self_join": true,
  "N": 10000000,
  "M": 10000000,
  "D": 128,
  "build_time_s": 19.675631284713745
}