{
  "method": "cuvs_ivf_flat_k64_nl1024_np20",
  "base_method": "cuvs_ivf_flat",
  "pair_count": 232396,
  "time_s": 17.846037429997523,
  "n_tiles": 1,
  "total_pairs_compared": 64000000,
  "self_join": true,
  "N": 1000000,
  "M": 1000000,
  "D": 128,
  "params": {
    "threshold": 1024.0,
    "batch_sizes": {
      "brute_force": 25000,
      "cuvs_ivf_flat": 1000000,
      "cuvs_cagra": 1000000,
      "cuvs_brute_force": 100000,
      "centroid_join": 1000000,
      "centroid_batch": 25000,
      "centroid_centroid": 1000000,
      "cuvs_cagra_k64_itopk64": 1000000,
      "cuvs_ivf_flat_k64_nl128_np2": 1000000,
      "cuvs_ivf_flat_k64_nl128_np4": 1000000,
      "cuvs_ivf_flat_k64_nl128_np8": 1000000,
      "cuvs_ivf_flat_k64_nl128_np16": 1000000,
      "cuvs_ivf_flat_k64_nl128_np20": 1000000,
      "cuvs_ivf_flat_k64_nl128_np32": 1000000,
      "cuvs_ivf_flat_k64_nl256_np2": 1000000,
      "cuvs_ivf_flat_k64_nl256_np4": 1000000,
      "cuvs_ivf_flat_k64_nl256_np8": 1000000,
      "cuvs_ivf_flat_k64_nl256_np16": 1000000,
      "cuvs_ivf_flat_k64_nl256_np20": 1000000,
      "cuvs_ivf_flat_k64_nl256_np32": 1000000,
      "cuvs_ivf_flat_k64_nl512_np2": 1000000,
      "cuvs_ivf_flat_k64_nl512_np4": 1000000,
      "cuvs_ivf_flat_k64_nl512_np8": 1000000,
      "cuvs_ivf_flat_k64_nl512_np16": 1000000,
      "cuvs_ivf_flat_k64_nl512_np20": 1000000,
      "cuvs_ivf_flat_k64_nl512_np32": 1000000,
      "cuvs_ivf_flat_k64_nl1024_np2": 1000000,
      "cuvs_ivf_flat_k64_nl1024_np4": 1000000,
      "cuvs_ivf_flat_k64_nl1024_np8": 1000000,
      "cuvs_ivf_flat_k64_nl1024_np16": 1000000,
      "cuvs_ivf_flat_k64_nl1024_np20": 1000000
    },
    "brute_force": {},
    "cuvs_cagra": {
      "k": 64,
      "itopk_size": 64
    },
    "cuvs_ivf_flat": {
      "k": 64,
      "n_lists": 1024,
      "n_probes": 20
    },
    "cuvs_brute_force": {
      "k": 32
    },
    "centroid_join": {
      "sample_fraction": 0.2,
      "n_clusters": 1024,
      "k_db_candidates": 32768,
      "use_ivf": false
    },
    "simple_batch": {},
    "centroid_batch": {
      "sample_fraction": 0.25,
      "centroid_threshold": 0.1
    }
  },
  "build_time_s": 0.3537299633026123
}